Column1	Column2
	
___ _____ _________ ___________ _______ (CAC) _ ___ __ ____________?	"_________ ___________ _______ (Customer Acquisition Cost) - ___ _________ _____________ _ _________ _______, ________ __ _____ ____________ ________; ___ __________, _______ ________ ______ __ _______ ______ _______ _ ________ _________ _____________ _______ ___________https://www.geteppo.com/blog/product-management-metrics#:~:text=2."
___ __________ _________ ___________ ________ (CPA) __ CAC _ ___ __________ CPA?	"_________ ___________ ________ (Cost per Acquisition) - ___ _________ __ ____ _______ ________ (________ ___________), ______________ ___ _____ _______ __ _________, ___________ __ _____ __________ _________; CPA ________ _____________ __________ _____________ ________ _ ______ ______, ___ CAC, ______ ___ CAC _________ ___ _______ __ ___________ _______ __ _______https://www.geteppo.com/blog/product-management-metrics#:~:text=Acquisition%20metrics."
___ _____ __________ _______ (bounce rate) _ ___ __ __________?	"Bounce rate __________ ____ ___________, _______ ________ ____ _____ _________ ______ _____ ________; ______________ ___ __________ ______________ _______, ________ __ _____ _____ _______, _ ________ ________ ________ _ ________ __________ _ _________https://www.geteppo.com/blog/product-management-metrics#:~:text=3."
___ __________ ___________ _________ _ ______ __ _____?	"___________ _________ _____ __________ _________, _________ __ _____ _____ ___________; __ __________ ____ _____________, _______ _________ _______ ________ (_______, ___________), _ ____________ ___ ______ _____________ _______ ______ _ _____________ ________https://www.geteppo.com/blog/product-management-metrics#:~:text=4."
"___ _____ _____ __ ______ ________ (Time to First Value, TTFV) _ ___ ___ ________?"	"TTFV ________ _____ _____ ____________ ____________ _ ___________ __ _______ _________ __________ (Ç aha-_______ È); __________ ______________ ___ _____ ______ __ ______ ________, ________ __ _____ _____________, _______ ___ ________ ________, _ ________ ________ _________ _ _______ ______ _____https://www.geteppo.com/blog/product-management-metrics#:~:text=5,TTFVhttps://count.co/metric/time-to-first-value#:~:text=Time%20to%20First%20Value%20,that%20demonstrates%20your%20product%27s%20worth."
___ ________ ___________ ______ (drop-off rate) __ _____ _______ _ ___ ____ __ _____?	"Drop-off rate __ _____ _______ __________ ____ _____________, __________ _______ _____ ______; ______________ ___ (_____ _____________ __ __________ ____ - _____ _____________ __ _______ ____) / _____ _____________ __ __________ ____ _ _________ ________ __________ ____ _ ________ _______https://www.geteppo.com/blog/product-management-metrics#:~:text=6.%20Conversion%20funnel%20drop."
___ ________ _______ DAU _ _____ __ __________?	"DAU (Daily Active Users) - ___ _____ __________ _____________, ___________________ _ _________ _ _______ ___; __________ ________ _________ __________ __________ _ ___________ _____________ _________ _ _________ _____________https://www.geteppo.com/blog/product-management-metrics#:~:text=7."
___ _____ MAU _ ___ ___ _______ _______ _ DAU?	"MAU (Monthly Active Users) - __________ __________ _____________, ___________________ _ _________ __ _____; _________ DAU _ MAU _________ _______ _____________ _ ____________ __________, _ __ _________ DAU/MAU __________ Ç ________ È ________https://www.geteppo.com/blog/product-management-metrics#:~:text=8."
___ __________ _______ ____________ ______ _ ___ ___ __________?	"_______ ____________ ______ (session duration) _____ ______ _______, ____________ ______________ _ ________, ____________ __ __________ _______; __________ ________ _______ ______________, ________ _____________ _____________ _ _____________ ________https://www.geteppo.com/blog/product-management-metrics#:~:text=9."
___ __________ _______ _______ (session frequency) _ ___ __ _________?	"_______ _______ __________ ___ _____ _____ _______, ___________ __ __________ __________ _____________ __ ______; ___ __________, _________ _____ ____________ ____________, _ ________ _______ ____________ _____________ ________https://www.geteppo.com/blog/product-management-metrics#:~:text=10."
___ _____ ___________ _________ _______ (feature adoption rate) _ ___ __ _________?	"___________ _________ _______ __________ ____ _____________, _______ ______ ____________ _____ _______; ______________ ___ __________ _____________, ___________ ______ ________, ___________ __ _____ _____ ________ _____________, _ ________ ________ _____ _________ ___________https://www.geteppo.com/blog/product-management-metrics#:~:text=11."
___ ________ ___________ _________ _____________ _ ___ __ __________ __ _________ ________?	"___________ _________ _____________ _____ _____ _____________, ____________ ____________ _________ _ _____ _______, _________ __ _____ _____ _____________ __ ___ ______; _______ __________, _______ _____________ ________ _________ _ ________ ___________ _____________, _____ ___ _________ ________ (customer retention rate) _________ ________, _ __ ____ _____________ _ _________ _____ __ ______https://www.geteppo.com/blog/product-management-metrics#:~:text=User%20retention%20rate%20%3D%20,100https://www.geteppo.com/blog/product-management-metrics#:~:text=CRR%20%3D%20,x%20100."
___ _____ churn rate (_______ ______) _ ___ ___ _________?	"Churn rate __________ ____ ________, _______ __________ _____________ ________; ______________ ___ _____ _______ ________, ________ __ _________ _____ ________ __ ______, _ ____________ ___ ______ ____________ ________________ ____ _ _____________ _________https://www.geteppo.com/blog/product-management-metrics#:~:text=13."
___ __________ ___________ _________ ________ _ _____ __ _____?	"Customer retention rate ______________ ___ (________ __________ ________ - _____ ________ __ ______) / _________ __________ ________; ____ __________ __________, _____ _____ __________ ____ ________ _ ________ _________ _____________ ______ _ _____________ _________https://www.geteppo.com/blog/product-management-metrics#:~:text=CRR%20%3D%20,x%20100."
___ ___________ Net Promoter Score (NPS) _ ___ __ ________?	"NPS ________ __________ ________ _____________ _______; _ ______ ___________ _______ __ ___________ (9-10 ______), _________ (7-8) _ ________ (0-6); ________ NPS _____ ________ ___________ _____ _______ ________https://www.qualtrics.com/articles/customer-experience/net-promoter-score/#:~:text=It%E2%80%99s%20simple%20to%20calculate%20your,from%20the%20percentage%20of%20Promoters."
___ ________________ ________ NPS _ _____ _________ __________ ________?	"__________ (9-10) - ________ _______; _________ (7-8) - _____________, __ _____ ____; _______ (0-6) - __________ _ _____ ____________ ______; _____________ NPS _________, ___ ____ ________ ________ ____, ___ ____ ________https://www.qualtrics.com/articles/customer-experience/net-promoter-score/#:~:text=,others%20from%20buying%20from%20you."
___ _____ Customer Satisfaction Score (CSAT) _ ___ ___ __________?	"CSAT - __________ _________________ ________; ______________ ___ ____ ____________, ___________ _______ ______ (______ 4 _ 5 __ ____________ _____), ________ __ _____ _____ _______, __________ __ 100%; _______ ________ Ò_____ _ ______Ó _________________ _ __ ________ ____________ __________https://www.qualtrics.com/articles/customer-experience/what-is-csat/#:~:text=What%20is%20CSAT%20,score."
___ _____ Customer Effort Score (CES) _ ___ ___ ________?	"CES ________, _________ _____ _______ _________ ______ ___ ______ ________; ___ ________ _____ CES = _____ ______ / _____ ____________, _ ___ _____ Ò______Ó CES = _______ _____________ _______ _____ _______ _____________; _______ ________ _________ __ ______ _______ ______https://www.zendesk.nl/blog/customer-effort-score/#georedirect#:~:text=How%20to%20calculate%20Customer%20Effort,Score."
___ _____ Customer Health Score (CHS) _ _____ __ _____?	"CHS __________ _________ __________ - _____________ ________, _________________, __________ __________ - _____ _______ ________ _______________ _ ________; _______ CHS _____________ _________ _ ___________ ___ _______, ______ _____________ _ _____ ______file:///home/oai/redirect.html#:~:text=Customer%20Health%20Score%20."
___ ________ _______ Earned Growth Rate (EGR)?	"EGR _________ ____ ______ __ ____________ ________ _ ______ __________ (_________) _ ______; ___ ________ __________ _ _____________ _________ ______ _ ______ ___________ ________ ________ _ _________file:///home/oai/redirect.html#:~:text=What%20it%20is%3A%20EGR%20measures,considering%20both%20upgrades%20and%20churn."
___ _____ _________ DAU/MAU _ ___ ___ ________________?	"_________ DAU/MAU ________ ________ ________: ___ _____ ____ ________ _____________, _______ _______ _________; ________, 20% ________, ___ ____________ ____________ ________ ____ ___ _ ____ ____, _ _________ __ _______ ____________ _____________file:///home/oai/redirect.html#:~:text=DAU%2FMAU%20Ratio."
___ __________ _______ Week 1 Engagement _ ______ ___ _____?	Week 1 Engagement ___________ __________ ____________ _ ______ ______ _____ ___________; ______ __________ ______ ___________ ___________ ____________ ______________ _ ________ ______________ ______ ____ _ ________file:///home/oai/redirect.html#:~:text=Week%201%20Engagement.
_____ ______ ________ _____ ______ _______ ___________?	"_ _________ _____ ______ _________: ________ _______ __________ ________ ________, __________ _____ ________ ____ (_______) _ ________, __________ ______ _______ _____________, __________ _____ ________ _____________ _ _______ _ __________ ______; ____________ ____ ________ ________ _________ __ _____ _______https://plane.so/blog/product-metrics-that-matter-in-2026#:~:text=7,you%20spot%20problems%20early."
___ _____ AARRR (Pirate Metrics) _ _____ ____ ______ ________?	"AARRR - ___ ______, ___________ ____ ____________: Acquisition (___ ____________ ______ _ ________), Activation (______ ______ ________), Retention (_______ _____________), Referral (____________ ______) _ Revenue (___________); ____________ ____ ______ ________ ________ _____ _____ _ _________ ______https://amplitude.com/blog/pirate-metrics-framework#:~:text=,engaged%20users%20into%20paying%20customershttps://www.geeksforgeeks.org/marketing/aarrr-pirate-metrics-framework-in-product-management/#:~:text=What%20is%20AARRR%20Pirate%20Metrics%3F."
______ _____ (loops) ______ _______ _______ _ ___________ _________?	"_____ ___________ ________ __ ___________ _____: _______________ ____________ ________ _____ _____ ____________, ___ ____________ ____________, ____________ _ _____ ________ ______; _____ ____ ____________ __________ ____, _____ ___ ____________ _______ ______ ________ _____________ ___ _____ _________ _ _________ __________https://amplitude.com/blog/pirate-metrics-framework#:~:text=The%20AARRR%20framework%20discourages%20product,to%20new%20feature%20development."
___ _____ North Star Metric (NSM) _ _____ ___ _____?	"NSM - ____________ ________ _______, __________, _____ ________ _______ ________ _____________ _ ___ ___ _______ _ ______ _______; ___ ________ _________ _______ _ _______________ _______ __ _________ __________, _______________ ____________ ____https://productschool.com/blog/analytics/north-star-metric#:~:text=A%20North%20Star%20Metric%20is,headed%20in%20the%20right%20directionhttps://productschool.com/blog/analytics/north-star-metric#:~:text=Key%20benefits%20of%20having%20a,clear%20North%20Star%20Metric."
"_ ___ _______ _____ ________, KPI _ OKR?"	"_______ - ___ _____ _________ __________; KPI (Key Performance Indicator) ________ _________ _________ ______, _______________ ___________ _ __________ _____; OKR (Objectives and Key Results) ___________ ____ _ __________ ____________ _ __________ _______ ___ ______ _________, ________ _______ __________ ____________https://plane.so/blog/product-metrics-that-matter-in-2026#:~:text=Metrics%20vs."
___ _____ vanity metrics _ ______ ___ ______?	"Vanity metrics - ___ __________, _______ ________ ___________ (________, _____ _____ __________ ___ ___________), __ __ ____ ____________ __________ ___ _________ ________; actionable metrics ________ ________ _________ _ _________ _____________ ________; ___________ ______: ____ _______ _____ _________ ______, _______ __ __ ___-__ ___________?https://plane.so/blog/product-metrics-that-matter-in-2026#:~:text=3,metrics."
___ _________ _______ ______ ______ North Star?	"______ North Star _________ ___ ____: _______ _______ (input metrics) ________ ______ ________, ________ __ NSM; ______________ _______ (outcome metrics) ________ ____________ ________, ________ _________ ___ _______; ___________ _______ (guardrail metrics) ________ ________, ________ _______ ______ ___ _________ _ _________https://plane.so/blog/product-metrics-that-matter-in-2026#:~:text=2,and%20guardrailshttps://plane.so/blog/product-metrics-that-matter-in-2026#:~:text=Imagine%20a%20collaborative%20B2B%20product,%E2%80%9D."
_____ ________ _______ __________ __ _____ ___________ (acquisition)?	"__ _____ ___________ ___________ ____ _______ ________ _____ ____ ___________, ___________ _________ __________ ________, _________ ___________ (CAC), _ _____ ____ _____________, __________ _ _________ _______ _______ (ICP); ___ _______ ________ _______ ________ _ _________ _______https://plane.so/blog/product-metrics-that-matter-in-2026#:~:text=1,right%20users%20entering."
_____ _______ __________ ________ _________ _____________?	"_________ ___________ __ _______ __ ______ ________ (TTFV), ____ _____________, ___________ _________, __________ ___________ Òaha-________Ó _ ____ __________ _____________, __________ __ _______ _____; ___ _______ ________ __________, _________ ______ _ _____ ____________ ________ ______ ________https://amplitude.com/blog/pirate-metrics-framework#:~:text=The%20goal%20of%20activation%20is,clicks%2C%20or%20specific%20actions%20takenhttps://plane.so/blog/product-metrics-that-matter-in-2026#:~:text=2,reach%20value%20quickly."
_____ __________ ________ __________ __________?	"_________ ___________ _____ _______ _____________, ___________ ___ ____ _________, ____ _______ __ ______ _____, _____ __ __________ _ __________ _________ _ _________; _______ _______ __________ _ ______ _______ _________ _____________ _ _______ _ ________ ________https://plane.so/blog/product-metrics-that-matter-in-2026#:~:text=3,get%20started%20without%20friction."
_____ ________ _______ __________ (engagement) _______ ___________?	"_____________ __________ ___________ __________ _ ___________ ________ _____________ (DAU, MAU), __________ DAU/MAU, ________ _____________ (_______ _ ____________ _______), ______ ___________ ________ ________ _ ________ _________ _________; _______ ________ ___ __________ _ _______ _ _________ _______ _ _________https://plane.so/blog/product-metrics-that-matter-in-2026#:~:text=4,building%20a%20habit."
___ __________ _______ adoption (________) _ ___ __ ________?	"Adoption ___________, _________ ______ _ _______ ____________ _________ _______ ________; __________ _____ _____________, ____________ ________ _______, ______ _______, ____________ ______ ________, _ _________ _________ _______ _ _________ _________; ________ ______, _____________ __ _______ ______ ______ ________https://plane.so/blog/product-metrics-that-matter-in-2026#:~:text=5,features%20actually%20being%20used."
_____ _______ __________ ___ ______ _________?	"___ ______ _________ __________ _________ ______ (____ _____________, ___________ __________ _ ____________ ___ ___ ______), _________ __ ________ ________ _ churn rate; ___ __________ ________ ________, ___ _____ _______ ________ _ ___ ______ __ __ ____https://plane.so/blog/product-metrics-that-matter-in-2026#:~:text=Important%20retention%20signals%20include%3A."
_____ ________ _______________ _______ _____ ___________ _ ________?	"___________ _________ _ _______ ____________ _________ _ _______ ______, _______ _______ __ ____________ (ARPU), ______ _____ MRR/ARR _ ___________ __________ (upsell _ cross-sell); _____ _____________ ___ _______ _ _________ _________ _____________, _____ ______, _____ ________ _____ _ _______https://plane.so/blog/product-metrics-that-matter-in-2026#:~:text=Monetization%20metrics%20product%20teams%20should,understandhttps://plane.so/blog/product-metrics-that-matter-in-2026#:~:text=3,users%20getting%20more%20value."
___ ________ _____ ________ _____ _ __________ ________?	"_____ ________ _____ (feedback volume) - ___ __________ _______, ____________ _ _________ __ _____________; sentiment score __________ ___________ ________ _____ (____ _____________ _______ _____ ____ _____________) _ ________ ________ ________; ____________ ____ ______ _________ ____________ ____ ___ _________ _ ______ ___________ __ _______https://www.geteppo.com/blog/product-management-metrics#:~:text=22https://www.geteppo.com/blog/product-management-metrics#:~:text=24."
___ ________ __________ escalation rate (___________ _________)?	"Escalation rate __________ ____ _________ _____________, _________ _____________ ______ _____ ___ ___________; ______________ ___ __________ _________, ___________ __ _____ _____ _________; _______ ________ _____________ _ _______ _________ _ ___________ _________https://www.geteppo.com/blog/product-management-metrics#:~:text=25."
_____ ___________ __________ ________ __ _____ _______ _ ___ ____________ ___ __________?	____________ ______ ________ __ _______ _________ ______ ___________ _____________ _ ________________ ________ _____ ________ ________; ______ __________ _ _____________ ________ ________ ________ ________ ______________ _________ _ _________ _____ ________https://www.geteppo.com/blog/product-management-metrics#:~:text=22.
___ _____ Customer Lifetime Value (CLTV) _ _____ _______ _______ ____________ ___ ___ ______?	"CLTV (Customer Lifetime Value) - _________ _____ _______ __ _______ __ ____ ______ _________; _______ _______: CLTV = (Average Revenue Per Customer _ Customer Lifespan) _ Total Costs to Serve; ___ _________ _______ ________ _______ _ __________, _______ _____ _______ __ ___ ___________ _ _________https://www.salesforce.com/blog/customer-lifetime-value/#:~:text=CLV%20%3D%20,%E2%88%92%20Total%20Costs%20to%20Serve."
___ ______________ LTV ___ ___________ ________ _ ______ ______?	"___ SaaS-________ _______ _______ LTV: ARPA (_______ ___________ _______ __ _______) _ _______ _____ / churn rate; ___ _______ _________ ______________ _______ _______ __ __________, __ __ _________ _________ ________ _ ____________ _____https://chartmogul.com/saas-metrics/ltv/#:~:text=This%20basic%20formula%20for%20LTV,the%20LTV%20of%20SaaS%20customers."
"______ _____, _____ LTV ___ ___ _______ _ ___ ____ ______ CAC?"	"_______ LTV ³ 3 _ CAC _______ _ ____________: ____ ___________ ________ _______ _____ _________ _________ ___ ___________, ______ ________ ___________ _____ _ _____ _____ __ ____________ _______ _ _____; _____ ___________ _________ ___________ ______ ___ __________ ______https://chartmogul.com/saas-metrics/ltv/#:~:text=customers%20without%20much%20risk,CAC."
___ __________ _______ ______________ (Gross Profit Margin) _ ___ ___ __________?	"_______ ______________ = (_______ _______ / _______) _ 100%; __________ __________, _____ _____ ______ ________ _____ ______ _____________ _________ _______ _ ______ ___________ _____________ ____________ _ _______________https://corporatefinanceinstitute.com/resources/valuation/business-metrics/#:~:text=,GPM."
___ _________ ______ ______________ ______ (Net Profit Margin)?	"______ ______________ = (______ _______ / _______) _ 100%; ___ _______ __________, _____ ____ _______ ________ _____ ____ ________, _______ ______ _ ________, _ ________ _____ ____________ _______https://corporatefinanceinstitute.com/resources/valuation/business-metrics/#:~:text=."
___ _____ Net Cash Flow _ ___ __ ______________?	"Net Cash Flow __________ ______ ______/_____ ________ _______: _______ + ____ _________ _______ - _______ + ____ ____________; _____________ ________ _________ __ __, ___ ________ __________ __________ __________ ___ ________ ________ _ __________https://corporatefinanceinstitute.com/resources/valuation/business-metrics/#:~:text=."
___ ____________ _______ _______ (Working Capital) _ ___ __ ________?	Working Capital = _________ ______ - _____________ _____________; __________ ________ ___________ ________ _________ _______ _____________ _ _____________ ____________ ____________; _____________ _______ _______ ________ ___________ ___________ ___ __________ ________https://corporatefinanceinstitute.com/resources/valuation/business-metrics/#:~:text=.
___ __________ ___________ Debt-to-Equity (D/E)?	"___________ D/E = _____ _____________ / _______ __________; __ __________, _____ _____ _______ _____________ __ ____ _____________ __ _________ _ ___________ _________ _ ________ _______ __________ ____ _ ____________ ________https://corporatefinanceinstitute.com/resources/valuation/business-metrics/#:~:text=%23%206.%20Debt."
___ ___________ ___________ _______________ _______ _ ___ __ __________?	"Inventory Turnover Ratio = _____________ _________ _______ / _______ _______ _______; _______ __________ ________, ___ ________ ______ _______ ______, ___ _______ _______ __ ________, _____ ___ ______ - _________ ________ _ _______ ___ __________https://corporatefinanceinstitute.com/resources/valuation/business-metrics/#:~:text=."
___ _____ Days Sales Outstanding (DSO) _ ______ _____ ___ ___________?	"DSO = (_______ ___________ _____________ / _____ _____ _________ ______) _ 365; ______ DSO ________, ___ ________ ______ ________ ______, _______ ______ ________, _____ ___ _______ _________ __ ________ _ __________ ______https://corporatefinanceinstitute.com/resources/valuation/business-metrics/#:~:text=,DSO."
_____ ___________ Days Payables Outstanding (DPO) _ ___ ___ ____________?	"DPO = (_______ ____________ _____________ / _____________ _________ _______) _ 365; ____ __________ __________, _______ _______ ________ _ _______ _____ _ _______ ___________; _______ _______ DPO _____ ________ _________ _ ____________, _______ ______ - _________ ___________https://corporatefinanceinstitute.com/resources/valuation/business-metrics/#:~:text=,DPO."
___ ________ Current Ratio _ ___ ___ ________________?	"Current Ratio = _________ ______ / _____________ _____________; __________ >1 ________, ___ _ ________ __________ _______ ___ ________ _______ ____________, _ ________ <1 _____________ _ _____________ ________ ___________https://corporatefinanceinstitute.com/resources/valuation/business-metrics/#:~:text=."
___ ______________ sales win rate _ ___ __ ________?	"Sales win rate = (__________ _______ ________ ______ / __________ _________ _ ______________ _________) _ 100; __ __________, ___ __________ _______ __________ ___________ _ ______ _ _____ ______________ ___ ______ _______ ______https://corporatefinanceinstitute.com/resources/valuation/business-metrics/#:~:text=%28No,x%20100."
___ _____ sales cycle _ ___ ___ _________?	"Sales cycle ________ _______ _____ __ _______ ________ __ __________ ______; ______________ ___ _________ __________ ____, ___________ __ __________ _______, ________ __ __________ ______; ________ ____ _________ __ ___________ _______ ______https://corporatefinanceinstitute.com/resources/valuation/business-metrics/#:~:text=."
___ __________ _______ _____ __ ______ _______?	Average customer revenue = _____ _______ / _____ _____ ________; ___ _______ ________ ___________ _________ _______ _ _________ ___________ ___ __________ ______ __ _______ _______https://corporatefinanceinstitute.com/resources/valuation/business-metrics/#:~:text=.
___ __________ ___________ _________ ________ _ ______-________?	"Customer retention rate = (__________ ____________ ________ - __________ ________ _ ______ _______) / _________ __________ ________; __ __________, _____ ____ ________ _______ ________, _ _____ ___ ______ _________________ _ ________ ________https://corporatefinanceinstitute.com/resources/valuation/business-metrics/#:~:text=."
___ _________ CLV _ ______ _____________ ______ _ ____________ _________?	"____ __ ______ CLV ___ _______: CLV = (Contribution Margin _ Retention Rate) / (1 + Discount Rate - Retention Rate); ___ _________ ____________ _______ _ ___________ ___ _________, _ _____ _______________ _______ ________ _______https://corporatefinanceinstitute.com/resources/valuation/business-metrics/#:~:text=,CLV."
_____ _____________ _______ _____ ___________: ___________ _________ _ incremental revenue?	"___________ _________ _ __________ __________ ____ ___________, _______ _________ _______ ________ (_______, ___________); incremental revenue = _____ _______ - _________ _______ ___ ________ _ _________ _____, __________ __ __________ _____________ __________, ________ ________ __ _____________https://corporatefinanceinstitute.com/resources/valuation/business-metrics/#:~:text=."
___ __________ _____________ _________ ___________ _______?	"Marketing CAC = ______, ___________ __ ___________ ________, / __________ ____________ ________; ____ __________ ________ _______ _____________ _________ _______ _ __________ __________ ________https://corporatefinanceinstitute.com/resources/valuation/business-metrics/#:~:text=,Acquisition."
______ _____ ___________ __________ ___________ _ __________ _____ _ _________ ___-_______?	"__________ ___________ _ ________ __ _____ ______ ___________ ____________ ______ _ _____________ _______-__________; ______ __________ _______ (_______, _______, ____________ _____, email) ________ __________, _____ ______ ________ ________ ______ _____________ _ ___ _____________ _______https://corporatefinanceinstitute.com/resources/valuation/business-metrics/#:~:text=."
_____ ___________ __________ __________ _ ______-_______ ______ __________?	"_____ ___________ ______-______: _____ ________ _____________ (DAU _ MAU), ___________ ________ DAU/MAU _ _____________ _______; ___ _________ _______ _____________ _________ _ _____ _____ ___________ _ ___________ ____________https://corporatefinanceinstitute.com/resources/valuation/business-metrics/#:~:text=Product%20Performance%20Metrics."
_____ _______ employee turnover rate _ ___ ___ __________?	"Employee turnover rate = (__________ ___________, __________ ________ / _____ _____ ___________) ; __________ ________ _______ ____________ _________ _______ _ _______ _________ ________ _ __________________ _ _________ ______https://corporatefinanceinstitute.com/resources/valuation/business-metrics/#:~:text=."
___ _____ absenteeism rate _ ___ ___ ________?	"Absenteeism rate = (_________ __________ _________________ ________ / _____ _____ _______ ____) _ 100; ____ __________ ________ _______ ______________ __________ _ _____ _________ __ ________ _ __________, _________ ___ _____________ _________https://corporatefinanceinstitute.com/resources/valuation/business-metrics/#:~:text=."
___ ______________ cost per hire _ revenue per employee?	Cost per hire = (_______ _______ __ _________ + __________ _______ HR) / _____ _______ ___________; revenue per employee = _____ _______ / _____ ___________ _ ____________ ___ ______ __________________ _ _____________ _________https://corporatefinanceinstitute.com/resources/valuation/business-metrics/#:~:text=.
___ _____ Net Revenue Retention (NRR) _ ______ ___ _______ Ç_______ __________È ___ SaaS?	"Net Revenue Retention (NRR) = (_________ MRR + _____ __ __________ _ __________ _ _____) / _________ MRR _ 100; _______ _________ ________, __________ _ ____ ________, _______, _______ ______ _______ ________ _ _________ ___ _____ _____ ________, _______ _________ ________ ___________ ________ ____________ _______https://www.zenskar.com/blog/net-revenue-retention-nrr#:~:text=What%20is%20net%20revenue%20retention%3F."
_____ _____ __________ _______ D/E?	"_______ D/E ________, ___ ________ ___________ _______ _____ _______ __ ____ ______; ___ ___________ __________ ____, ________ __________ _______ _ _____ __________ ________ _ _______ ___________; _________ ____________ _________ _______ _____________ ___ ____________https://corporatefinanceinstitute.com/resources/valuation/business-metrics/#:~:text=%23%206.%20Debt."
___ ARPU ________ ___________ _______ _________?	"ARPU (Average Revenue per User) = _____ _______ / _______ _____ _____________; ______ ________ ARPU ________ ______, _________ __________ _______ ______________, _______ ________ _ _______ _ ______ _________ _ ______________ ____, ______ _ ___________https://corporatefinanceinstitute.com/resources/accounting/average-revenue-per-user-arpu/#:~:text=How%20to%20Calculate%20Average%20Revenue,Per%20User."
___ ARPU __________ __ ________ ______ __ _______ (Average customer revenue)?	"ARPU ____ ____________ _ ___________ ________ _ ______________ __ ________ _____ ________ _____________, _____ ___ average customer revenue _____ _______ __ _____ __________ ________; ___ __________ ________ __________, __ ________ ______ ______ _____________https://corporatefinanceinstitute.com/resources/accounting/average-revenue-per-user-arpu/#:~:text=How%20to%20Calculate%20Average%20Revenue,Per%20Userhttps://corporatefinanceinstitute.com/resources/valuation/business-metrics/#:~:text=."
___ _____ MRR _ ARR _ ___ __ __________?	"MRR (Monthly Recurring Revenue) - ___________ _____________ _______ __ ________; ARR (Annual Recurring Revenue) - ___________ __________, __ __ ___; ___ _______ ____ ________________ _______, ________ _________ ____ _ _______ _____ ________ ________file:///home/oai/redirect.html#:~:text=Monthly%20Recurring%20Revenue%20."
___ MRR __________ __ ___________ _____ _______ _ ______ _____ ___?	"MRR ________ __________, _____________ _____ _______, _____ ___ _____ ____ _______ ________ ___________ _______; ______ MRR _________ ______ _ ________ ___________ ______, _ ________ _____ _______ __________ _______ _______ _ _____file:///home/oai/redirect.html#:~:text=Monthly%20Recurring%20Revenue%20https://www.geteppo.com/blog/product-management-metrics#:~:text=MRR%20is%20the%20predictable%20revenue,time%20fees."
___ ________ ARPU __ ARPA (Average Revenue per Account)?	"ARPU ______________ __ ______ ____________, _____ ___ ARPA - __ ____ _______ (_______ _____ ________ __________ _____________); _____ _______ _______ __ _________ ________ (________, B2C vs B2B) _ _________ ______ _________ _______ _ ___________ ____https://chartmogul.com/saas-metrics/ltv/#:~:text=This%20basic%20formula%20for%20LTV,the%20LTV%20of%20SaaS%20customers."
_ ___ _______ _____ _______ _ ______ _______________?	"_______ ______________ _________ ______ _____________ _________ _______, _________ _____________ _________ ____________, _____ ___ ______ ______________ _________ ___ _______, _______ ____________, ______ _ ________, _ ________ ________ ____________ _______https://corporatefinanceinstitute.com/resources/valuation/business-metrics/#:~:text=,GPM."
___ _____ ______ _______________ ________ ________?	"______ _______________ ________ ________ ______________ ___ _______ / _______ _______ _______; __ __________, _______ _______ ____________ __ _______ ________ ________ _ ________ _______ _____________ _____________ _________ _______; ____ _______ __ _________ ________, _______ ____ _ _____________ _______________ _______https://corporatefinanceinstitute.com/resources/valuation/business-metrics/#:~:text=."
___ ________________ _______ _ ______ ___________ _______________ _______?	"_______ ___________ ________, ___ ______ ______ _________, ______ _______ __ ________; ______ ___________ _______________ _ ___________ _______ _______, ___ _____ _________ _ ___________ _ ______________ ________; ________ _________ ____________ ___________ _______ _______https://corporatefinanceinstitute.com/resources/valuation/business-metrics/#:~:text=."
_____ ____________ _____________ DSO _ DPO?	"_________ DSO _ DPO ________ ______________ ______ ________ _______: ______ DSO _ _______ DPO ________, ___ ________ ______ ________ ______ __ ________ _ ________ ______ ___________, _______ ___________; __________________ ________ _____ ________ _ ________ ________ ___ __________ _ ____________https://corporatefinanceinstitute.com/resources/valuation/business-metrics/#:~:text=,DSO."
______ __________ Current Ratio ____ 1 _________ _____________?	"Current Ratio > 1 _______ _ ___, ___ _ ________ ______ _________ _______, ___ _____________ ____________, ___ ____________ _____ ___________ ___ ______ ______ _ _______ ____ ____________________; ______ _______ _______ __________ _____ _________________ __ __________ _______ ___ _____________ __________ _________ _________https://corporatefinanceinstitute.com/resources/valuation/business-metrics/#:~:text=."
___ _______ ____________ _____ ______ _ _______ ______?	"_______ ____ ______ _____ ________, ___ _______ _____ _________ _______ _ ________ _____ __ ________ _ ___________, ___ ________ ____ ______; __________ _____ __ ____ _________ ____________ ________ _ __________ __________ ________ _______ churn rate, ____ ______ _______ _____ ___________https://corporatefinanceinstitute.com/resources/valuation/business-metrics/#:~:text=https://www.geteppo.com/blog/product-management-metrics#:~:text=5,TTFV."
______ _____ ___________ _______ _____ __ _______?	"_______ _____ __ _______ __________, _______ _______ ________ ______ ______ _ ___ ________ _____________ _____________; ______ _________ ____ _______ _________ ________ _________ ___ __________ LTV _____ _______ _ _________ ________https://corporatefinanceinstitute.com/resources/valuation/business-metrics/#:~:text=."
___ ___________ employee turnover rate _ absenteeism rate?	"Employee turnover rate __________ ____ ___________, __________ ________ __ ______, ___ ______ __ _______ __ ____ _ ________, _ absenteeism rate ________ _______ _________________ __________ _ _________ _______ _______ _______ __________ _ ________ _ __________; ___ __________ _____ ___ HR _________https://corporatefinanceinstitute.com/resources/valuation/business-metrics/#:~:text=."
______ cost per hire _________ ______ HR-________?	"Cost per hire __________, _______ ________ ______ __ ___________ ______ __________ (_______ _______ + __________ _______ HR) _ ________ _________ _____________ _____________ _______, ______________ ______ _ ______________ _______ __ __________ _______https://corporatefinanceinstitute.com/resources/valuation/business-metrics/#:~:text=."
___ __________ __________ revenue per employee?	"Revenue per employee = _____ _______ / _____ ___________; __ ________ _______ __________________ ________ _ ________ _____________ _____ ________ ___ _ ___________ ___________; ____ __________ _________ __ _________ ________ ______, _ ________ - __ _____________ ___________ ________https://corporatefinanceinstitute.com/resources/valuation/business-metrics/#:~:text=."
_____ _________ ________ _________ ____ ______?	"__________ sales cycle ____________ ______ ___________ _______ _________, _____________ ______ _ _________ ________, _____________ ________ ______, ______________ ____________ ____________ ________ _ ______ __________ __________; ___ _______ _____ __ _______ ________ __ ______ _ ________ win ratehttps://corporatefinanceinstitute.com/resources/valuation/business-metrics/#:~:text=."
___ _______ _______ incremental sales revenue _ _____________ _________?	"Incremental sales revenue = _____ _______ - _________ _______ ___ ________; ___ _______ ________ _______ ______________ _______, __________ _________ ________, _ ________ ROI _____ __________ ________; _________ ______, _____ ______ ____ __________ ______https://corporatefinanceinstitute.com/resources/valuation/business-metrics/#:~:text=."
______ _____ ______________ _____________ ___ _______ ___________ ______?	"___________ _________ _________ ________ _ _________ _ ____________ ______ _____ _____________; ________, TTFV _ retention _____ ___________ ___________ __ _______ ___________, ____ ______ ___ _______ ________, _______ ______ __ _________ ________ ______ ________ _____ _____ _ ________https://www.kissmetrics.io/glossary/time-to-first-value#:~:text=%2A%20,the%20value%20moment%20is%20actuallyhttps://count.co/metric/time-to-first-value#:~:text=Cohort,users%20who%20achieve%20value%20fastest."
_____ ____ ______ guardrail-_______ _ _______ product analytics?	"Guardrail-_______ ______ Ç_________È ____________, _______ ___________, ___ ____ ________ ______ __ ___________ _____ _________ ________; ___ ________ ____________ ______, _____ ______, _________ _ _________, _____ _______ _ ________ ________ __________ _________________ _____ ___ ___________ ______ ___________https://plane.so/blog/product-metrics-that-matter-in-2026#:~:text=2,and%20guardrails."
"___ __________ CHS, NPS _ CSAT?"	"CHS (Customer Health Score) __________ _________ ___________ (_________, __________ _ ____________ ______) ___ _______________ _________ _ _____; NPS ________ __________ _____________ _______ (__________); CSAT _________ _________________ __________ _______________; ______ ___ ____ ___________ ______ _________ _______file:///home/oai/redirect.html#:~:text=Customer%20Health%20Score%20https://www.qualtrics.com/articles/customer-experience/net-promoter-score/#:~:text=How%20do%20you%20calculate%20Net,Promoter%20Scorehttps://www.qualtrics.com/articles/customer-experience/what-is-csat/#:~:text=What%20is%20CSAT%20,score."
___ _____ customer sentiment score _ ___ ___ ____________?	"Customer sentiment score ________ _____ __________ ________ _____: ___________ ___ ________ ____ _____________ _ _____________ _______; ________ ______, ___ ____________ ____________ _______, _ __________ ____________ ______ _ ______________ ________ ___ ________ _______https://www.geteppo.com/blog/product-management-metrics#:~:text=24."
___ _________ _____ _______ ______ __ _________ _____________?	"____ ____________ _______ _________ _____ _______, ______ ________ ________ _ _________ ____ ______; ____________ ____________ _________ _______ ________ ________, _____ ___________ _____________ _______, _ ______________ ________ _____, _____ ________ _________https://www.geteppo.com/blog/product-management-metrics#:~:text=11."
______ __________ _______ __ ______ ________ ________ _________?	"___ _______ _____ ____________ ________ ________ ______, ___ ____ ___________, ___ __ _________ _____________ _ ______ ________; __________ TTFV _________ __________ _ ______ ____ _ ___________ _ _____ _______ ___________ _ retentionhttps://www.kissmetrics.io/glossary/time-to-first-value#:~:text=The%20time%20it%20takes%20a,with%20higher%20activation%20and%20retention."
___ __________ Net Revenue Retention (NRR) __ ARR?	"ARR - ___ _______ _____________ _______ __ ________; NRR ________, _____ _____ ____ _______ ________ _ _________ __ ____ ____________ ________, ________ _____; NRR ________ ________ _ _________ __________ _ _____, _______ __________ ________ ____ ______ __________ ____https://www.zenskar.com/blog/net-revenue-retention-nrr#:~:text=What%20is%20net%20revenue%20retention%3F."
______ _ _______ _________ __________ _________ ______?	"_________ ______ _________ _____________ __ ______ __ _______ ___________ _ __________, _____ ____ ______ _______ ________ ________ __ ________; ___ ________ ________ _________ _________, _________ __ _ ____________ ________ _ _________ __________ __________ _ __________https://plane.so/blog/product-metrics-that-matter-in-2026#:~:text=Important%20retention%20signals%20include%3A."
______ _____ ________ ___________ _ _____________ __________?	"_______ _______ (________, _____________ ___ ______ adoption) _____________ _______ __________, _ _____________ (_______, _______) ________ _________ _______; ______________ ____ ___________ ____ _____ ______ _______ _ _________ _______ ___________ __ ________file:///home/oai/redirect.html."
___ _____ One Metric That Matters (OMTM) _ ______ ___ ____________?	"OMTM - _____ __ ____________ _______; ____ _________ ____________ __ _____ ____ _____ ____ ________, _____________ ______ ______ ________ _ ________ _______ _ ____________, __________ ___ _______; _____ ___________ ______ ___________file:///home/oai/redirect.html#:~:text=In%20the%20process%20of%20selecting,dependence%20on%20a%20singular%20metric."
"___ _______ MRR, NRR _ ARPU?"	"MRR ________ ___________ _____________ _______ __ ________, ARPU __________, _______ _______ ________ _______ ____________, _ NRR ________ _________ MRR __ ____ ____________ ________ (________, __________, _____); ______ ____ ______ ______ ________ ______ ___ ____________ ______, ___ _ ________ _____ ______ ____ ________file:///home/oai/redirect.html#:~:text=Monthly%20Recurring%20Revenue%20https://www.zenskar.com/blog/net-revenue-retention-nrr#:~:text=What%20is%20net%20revenue%20retention%3Fhttps://corporatefinanceinstitute.com/resources/accounting/average-revenue-per-user-arpu/#:~:text=How%20to%20Calculate%20Average%20Revenue,Per%20User."
___ ___________ _____ ____________ ___________ _____?	"___________ _____ ________ __ _____________ ______: ____________ ____________ ________ ________, ________, __________ ______ _ ___ _________ _____________; ___ _______ ____________________ ____ ___ ___________ __________ _____________ ________, _______ __________ NRRhttps://amplitude.com/blog/pirate-metrics-framework#:~:text=The%20AARRR%20framework%20discourages%20product,to%20new%20feature%20developmenthttps://www.zenskar.com/blog/net-revenue-retention-nrr#:~:text=What%20is%20net%20revenue%20retention%3F."
"______ _____ ________ ________ _______ ___________, _ __ ______ __ _____?"	"_______ _____ _______ __ ___________ ________ _________ _ _________; ______ ________ (_________ _ ___________, _____ ______ _ ICP, TTFV __ _______) _________ ____________ _ _________, _______ ________ ________ ________ _ _______ ___________ _________https://plane.so/blog/product-metrics-that-matter-in-2026#:~:text=1,right%20users%20entering."
_ ___ _______ _____ CSAT _ CES?	"CSAT ________ _________________ _______ __________ _______________, _ CES _________ ______, _______ ______ ________ ___ __________ __________; CSAT ____________ __ _____________ ______, _ CES __ ________ _ ________; _________ ______ ________ ________ ___ ________, ___ _ ________ ____________https://www.qualtrics.com/articles/customer-experience/what-is-csat/#:~:text=What%20is%20CSAT%20,scorehttps://www.zendesk.nl/blog/customer-effort-score/#georedirect#:~:text=How%20to%20calculate%20Customer%20Effort,Score."
"______ NPS _______ ________ _________, _ __ ____ ___?"	"NPS ____ ______ __________ _ ____________ ______; __________ _________ ________ ___________ ________, __________ __________ _ ___________ ___________ _ _________ _______ _________; _____ __________ NPS _ ___________ _________, _ __ ______ Ç_________È __________ __________https://www.qualtrics.com/articles/customer-experience/net-promoter-score/#:~:text=What%E2%80%99s%20a%20good%20Net%20Promoter,Score."
___ _____ ____________ ______ __________ ________ (sentiment score)?	"______ __________ ________ ____ _ ________, _______ ____ _____ _________ ____________; ___________ _______ __ _____ _ __________ _ ______________ _________ ________ ______, _____ _______ ________ ______ __ _________, _ __________ ____________ _________https://plane.so/blog/product-metrics-that-matter-in-2026#:~:text=1,help%20and%20when%20they%20don%E2%80%99thttps://plane.so/blog/product-metrics-that-matter-in-2026#:~:text=2,signals."
_____ ____________ guardrail-_______ ___ A/B-______?	"Guardrail-_______ (________, __________ _______, _____ ______ _______, _____ _________ _ _________) ____________, ___ __________ ______ __ ________ ____ _____________; __ ______ ___________ _ ________ ________ ________ ________ ______ ___________https://plane.so/blog/product-metrics-that-matter-in-2026#:~:text=2,and%20guardrails."
___ _______ churn rate _ retention rate?	"Churn rate ________ ____ ________, _______ ________ ______ __ ______, _ retention rate - ____ __________; ___ _______ _________ ____ _____: retention = 1 - churn (____ _____________ ____), _ ______ ____ ______ _______ _________ ________https://www.geteppo.com/blog/product-management-metrics#:~:text=13."
"______ ___ _______ __________ _____ ________ __ incremental revenue, ___ __ _____ __________?"	"Incremental revenue __________ ______________ _______, _______ ________ ________, _____ ___ _________ _____ __ ________ _________; ____________ __ ____ _______, _ __ __ _____ ______________ __________, ________ ______ ______, ___________ __ ________ _______ __ ______https://corporatefinanceinstitute.com/resources/valuation/business-metrics/#:~:text=https://plane.so/blog/product-metrics-that-matter-in-2026#:~:text=3,metrics."
___ _____ ________ _____ ________ ___________ _______?	"_______ _____ ________ _____ _____________ _ _______ ________ _____________ _ __________ _______, _ ______ __________ _ __________ _______ _________ __________ __________ _ ________ ________; __ _____ __________, _________ _______ ____________ _______________ _ _________https://www.geteppo.com/blog/product-management-metrics#:~:text=22."
___ _____ Ç_______ _________ _______È _ ___ __ _____________?	"_______ _________ _______ _________ __________________ _____, _______ ____________ ________ __ ___________ _______ __ __ ___________ _____________; __________ ____ _____________ __ ______ ____ _ ____________ drop-off, _____ ________ _______ _ ________ _________ _______https://www.geteppo.com/blog/product-management-metrics#:~:text=11."
"___ ______, ____ NPS ___ CSAT ______?"	"______ __________ _________ __ _____________ _________________ ___ __________; _____ ________ ____________ ______ ______ (______, ________), _______ _____________ ______ _ ___________ _______ ____ _______ _ _________ _________; _____ ________ ________, _____ _________ ______https://www.qualtrics.com/articles/customer-experience/net-promoter-score/#:~:text=How%20do%20you%20calculate%20Net,Promoter%20Scorehttps://www.qualtrics.com/articles/customer-experience/what-is-csat/#:~:text=may%20depend%20on%20what%20kind,fresh%20in%20the%20person%E2%80%99s%20mind."
_____ ___________ _________ _____ ______ ARPU _ MRR?	"_________ ARPU _____ ______________ _________ ______ _____ _____________ (________, __-__ _________ ____), ___ _________ ____ MRR; ________, _______ ____ MRR _____ ___________ __ ____ __________ __________ ________ __ _________ ______, ______ ARPU; ______ _____ _____ _________ _______ __ _________ ___________file:///home/oai/redirect.html#:~:text=Monthly%20Recurring%20Revenue%20https://corporatefinanceinstitute.com/resources/accounting/average-revenue-per-user-arpu/#:~:text=How%20to%20Calculate%20Average%20Revenue,Per%20User."
_____ ______ _______ ________ _ _________ _____ _______ _ ________ _________?	"__________ _________ _____ _______, ________ ________ __________ __________ _ __________ ____ _____________, _________ Çaha-_______È, _____ _________ __ _________ _ __________ ________ ________, _______________ __________ ___ ________ _ _________; ___ _______ _________ __________ ______________ _______ _ ____________https://www.geteppo.com/blog/product-management-metrics#:~:text=11https://plane.so/blog/product-metrics-that-matter-in-2026#:~:text=2,reach%20value%20quickly."
______ _____ _____________ ____________ _ _______ _______ ______?	"_______________ ______ __________ _______ _ ____________ _____________: ________, ______ ______ _____ ________ ______ _________ _ __________ _______, _ ______, ______ - _______ ______; _________ _________ ________ ___________ _________ _ _________ _______https://www.geteppo.com/blog/product-management-metrics#:~:text=9https://www.geteppo.com/blog/product-management-metrics#:~:text=10."
___ _____________ ______________ _______ ______ __ Net Revenue Retention?	"________ _________ ______________ _______ _____ _ _____ _______ __ ____ _________ _ ________ NRR; ____ _______ _________ _____________, ___ ____________ _____ _ __________, ___ _______ _______ ______________ ________, __________ ____ ___ _____________ __________ _____ ________https://www.zenskar.com/blog/net-revenue-retention-nrr#:~:text=What%20is%20net%20revenue%20retention%3F."
___ __________ CLTV __ ARPU?	"CLTV _________ _________ _______ __ _______ __ ____ ____ _________, ________ _________ ____________ _ _________________, _____ ___ ARPU ________ _______ ___________ (___ _______) _______ __ ____________; CLTV ________ ___________ ____________ __________, _ ARPU - ____________ _____________https://www.salesforce.com/blog/customer-lifetime-value/#:~:text=CLV%20%3D%20,%E2%88%92%20Total%20Costs%20to%20Servehttps://corporatefinanceinstitute.com/resources/accounting/average-revenue-per-user-arpu/#:~:text=How%20to%20Calculate%20Average%20Revenue,Per%20User."
______ _______ Customer Effort Score _____ _________ churn?	"____ ________ __________ _________ _____ ______ ___ _______ _____ (______ CES), ______ ____________ _ ___________ ______; _________ ________ _____________, ___________ ________ _________ _ ________ ___________ _ ________ ________ _________ _________________ _ _______ churnhttps://www.zendesk.nl/blog/customer-effort-score/#georedirect#:~:text=How%20to%20calculate%20Customer%20Effort,Score."
___ _________ _________ __________ __ ______ ____________ _________?	"_____ _________ __________ _______ ____ __________ _____________, _____ ___ _________ ___________ _________ __________ _____ __ _______ ___________; _________ ______ ________ _________, _________ _ _____________ ________ ________, ________ ___ __________, ___ ________ ______ _________ ________https://plane.so/blog/product-metrics-that-matter-in-2026#:~:text=Important%20retention%20signals%20include%3A."
___ _______ sales win rate ______ __ CAC?	"_______ sales win rate ________, ___ _______ _____ _________ ____________ _ ______; ___ _______ _______ _________ ___________ _______, _________ __ __ _____________ _______ ________ _ ________ _____ ______, _______ _____________ __________ _ ______https://corporatefinanceinstitute.com/resources/valuation/business-metrics/#:~:text=%28No,x%20100https://www.geteppo.com/blog/product-management-metrics#:~:text=2."
______ _____ ________ ______ (drop-off) __ ______ _____ _______?	"______ drop-off _________ ______, __ _____ ____ ____________ __________ _______ - ___________, _________, _______; ______ ____ _____ ________ ______________ __________ ____, ________ __________, ______ _, ___ _________, _________ _________ _ _________https://www.geteppo.com/blog/product-management-metrics#:~:text=6.%20Conversion%20funnel%20drop."
___ NPS ______ _ ______ Referral _ AARRR?	"__ _____ Referral AARRR ________ ________ __________ ___________ _ ____ _____________, _______ ___________ _______; _______ ______ NPS ________ _____ ___________, ___ _____ _ ________ _____ _________ _ ____________ _____ _____ __ ____ ____________ ____________https://amplitude.com/blog/pirate-metrics-framework#:~:text=Referrals%20are%20like%20sought,no%20expense%20to%20the%20companyhttps://www.qualtrics.com/articles/customer-experience/net-promoter-score/#:~:text=It%E2%80%99s%20simple%20to%20calculate%20your,from%20the%20percentage%20of%20Promoters."
___ __________ _________ ________ ______________ _________ ___________ _______?	"____ _____ __ ______ ________ _ _______ __________ __________ ______, _______ _______ ____________, ___ _______ ___________ ______ _ ___________ _________ _ ______; _________ _________ _________ _______ ______ __ ___________, ______ ___ ______ ____________ ____________ _ _______ ____________ ________https://www.geteppo.com/blog/product-management-metrics#:~:text=5,TTFVhttps://amplitude.com/blog/pirate-metrics-framework#:~:text=The%20goal%20of%20activation%20is,clicks%2C%20or%20specific%20actions%20taken."
______ _______ ________ _______ _______ ___ _______ ____________?	"_________ _______ _______ __ ____________ __________, _________ _________ __________ _______, ________ ________ _________ ____ _____________ (______/______), _______ ___________________ _________ _________ _ ________ _____________ ________ ___ upsell; _____ __________ _____ ________ ___ ________https://www.geteppo.com/blog/product-management-metrics#:~:text=10."
_____ ______________ NPS __ __________?	"___________ NPS (__ ___________ _______, _______ ___________, _________) ________ ________ ______ _ _______ _ ______ ___________; ___ _________ ____________ ______ _ _________ ___ ______ ________ _ _______ ________ _______, _ __ _________ ______https://www.qualtrics.com/articles/customer-experience/net-promoter-score/#:~:text=What%E2%80%99s%20a%20good%20Net%20Promoter,Scorehttps://www.qualtrics.com/articles/customer-experience/what-is-csat/#:~:text=You%20might%20ask%20a%20repeat,can%20create%20its%20own%20problems."
___ __________ ____________ ______ CLV __ _______ ______?	"_______ _______ CLV ________ __ _______ _______ _ _______ _________________ _________, _____ ___ ____________ ______ _________ ___________ _________, _______________, _________ _ _________ _ __________ __________ _________; ___ ____ _____ ______ ______ ____________ _______, __ _______ _ __________https://www.salesforce.com/blog/customer-lifetime-value/#:~:text=How%20to%20calculate%20customer%20lifetime,CLV."
___ _____ __ ______ ________ ______ __ ____ ___________ CAC?	"___ _______ ____________ _________ ________, ___ _______ __ _________ __ _______ _____ _ ________ _________ _______; __________ TTFV _________ ______ ___________ ______ __ ___________, _______ ______________ _____________ __________https://count.co/metric/time-to-first-value#:~:text=Time%20to%20First%20Value%20,that%20demonstrates%20your%20product%27s%20worth."
___ _______ ______ ______ __ CLTV?	"CLTV _______ ______________ churn rate: ___ __________ _______ __________ ______ _________ _______ _________________ _________ _ _______ _________ _______ __ _______; __________ churn - ____ __ ________ ________ __________ CLTVhttps://chartmogul.com/saas-metrics/ltv/#:~:text=This%20basic%20formula%20for%20LTV,the%20LTV%20of%20SaaS%20customershttps://www.geteppo.com/blog/product-management-metrics#:~:text=13."